{
    "x": [
        -0.5802285671234131,
        -0.5805882811546326,
        -0.5809965133666992,
        -0.5814603567123413,
        -0.5819882154464722,
        -0.5825899243354797,
        -0.5832771062850952,
        -0.584063708782196,
        -0.5849663615226746,
        -0.5860050916671753,
        -0.5872042179107666,
        -0.5885933637619019,
        -0.5902089476585388,
        -0.5920959115028381,
        -0.5943100452423096,
        -0.5969211459159851,
        -0.6000169515609741,
        -0.6037082076072693,
        -0.608135461807251,
        -0.6134323477745056,
        -0.6195604205131531,
        -0.6264755725860596,
        -0.634128212928772,
        -0.6424638032913208,
        -0.6514235734939575,
        -0.6609448194503784,
        -0.6709617376327515,
        -0.6814059615135193,
        -0.6922072172164917,
        -0.7032939791679382,
        -0.7145942449569702,
        -0.7259436845779419,
        -0.736845076084137,
        -0.7465773224830627,
        -0.7541861534118652,
        -0.7587486505508423,
        -0.760205864906311,
        -0.7585493326187134,
        -0.7537884712219238,
        -0.74595046043396,
        -0.7350810170173645,
        -0.7212448716163635,
        -0.7045267820358276,
        -0.6850323677062988,
        -0.6628889441490173,
        -0.6382458806037903,
        -0.6112746596336365,
        -0.5821682810783386,
        -0.551139771938324,
        -0.5184197425842285,
        -0.4842534363269806,
        -0.4488964080810547,
        -0.41260984539985657,
        -0.37565532326698303,
        -0.3382892906665802,
        -0.30075758695602417,
        -0.26329052448272705,
        -0.22609843313694,
        -0.18936818838119507,
        -0.15326054394245148,
        -0.11790865659713745,
        -0.08341744542121887,
        -0.04986390098929405,
        -0.017298061400651932,
        0.014255540445446968,
        0.04479585587978363,
        0.07434317469596863,
        0.10293690115213394,
        0.1306334137916565,
        0.15750402212142944,
        0.18363313376903534,
        0.20911671221256256,
        0.23406097292900085,
        0.2585813105106354,
        0.2828015685081482,
        0.30685359239578247,
        0.3308769166469574,
        0.3550187945365906,
        0.37943434715270996,
        0.40428686141967773,
        0.42974838614463806
    ],
    "y": [
        0.0,
        -0.0003597152535803616,
        -0.00040821178117766976,
        -0.00046384494635276496,
        -0.0005278433673083782,
        -0.0006016935221850872,
        -0.0006872090743854642,
        -0.0007866172236390412,
        -0.0009026605985127389,
        -0.0010387474903836846,
        -0.0011991348583251238,
        -0.0013891650596633554,
        -0.0016155850607901812,
        -0.0018869461491703987,
        -0.00221414677798748,
        -0.00261112954467535,
        -0.0030957995913922787,
        -0.003691231133416295,
        -0.004427253734320402,
        -0.005296862218528986,
        -0.006128095556050539,
        -0.006915142294019461,
        -0.007652616128325462,
        -0.008335611782968044,
        -0.0089597562327981,
        -0.009521253407001495,
        -0.010016918182373047,
        -0.010444206185638905,
        -0.010801229625940323,
        -0.011086764745414257,
        -0.011300244368612766,
        -0.011349458247423172,
        -0.010901382192969322,
        -0.009732219390571117,
        -0.007608817424625158,
        -0.004562475718557835,
        -0.0014571956126019359,
        0.001656508189626038,
        0.004760881885886192,
        0.007837998680770397,
        0.010869458317756653,
        0.013836147263646126,
        0.01671808399260044,
        0.019494391977787018,
        0.022143423557281494,
        0.02464306354522705,
        0.02697119675576687,
        0.02910636179149151,
        0.031028535217046738,
        0.03272001072764397,
        0.03416630998253822,
        0.0353570356965065,
        0.03628655523061752,
        0.03695451095700264,
        0.03736604377627373,
        0.03753170371055603,
        0.03746706619858742,
        0.03719208762049675,
        0.03673024848103523,
        0.03610764071345329,
        0.035351891070604324,
        0.03449121117591858,
        0.03355354443192482,
        0.03256583958864212,
        0.03155359998345375,
        0.030540315434336662,
        0.02954731695353985,
        0.028593730181455612,
        0.027696512639522552,
        0.026870600879192352,
        0.026129111647605896,
        0.02548358403146267,
        0.024944253265857697,
        0.024520328268408775,
        0.024220265448093414,
        0.024052027612924576,
        0.024023333564400673,
        0.024141879752278328,
        0.02441553771495819,
        0.02485252171754837,
        0.02546152099967003
    ],
    "z": [
        -0.5215989351272583,
        -0.31589239835739136,
        -0.3226613402366638,
        -0.3305228352546692,
        -0.3396899104118347,
        -0.35042887926101685,
        -0.3630722165107727,
        -0.3780316710472107,
        -0.3958321213722229,
        -0.4171368479728699,
        -0.4427875876426697,
        -0.4738643765449524,
        -0.5117461085319519,
        -0.5582141280174255,
        -0.615565836429596,
        -0.6867759823799133,
        -0.7757070660591125,
        -0.8873841166496277,
        -0.9979057908058167,
        -0.9979057908058167,
        -0.9979057908058167,
        -0.9979057908058167,
        -0.9979057908058167,
        -0.9979057908058167,
        -0.9979057908058167,
        -0.9979057908058167,
        -0.9979057908058167,
        -0.9979057908058167,
        -0.9979057908058167,
        -0.9979057908058167,
        -0.9363822340965271,
        -0.6520070433616638,
        -0.21553486585617065,
        0.38201576471328735,
        0.9677358865737915,
        0.9895597696304321,
        0.9896388053894043,
        0.9897142648696899,
        0.989784300327301,
        0.9898483753204346,
        0.9899062514305115,
        0.9899574518203735,
        0.9900016188621521,
        0.9900384545326233,
        0.9900676012039185,
        0.9900888204574585,
        0.9901017546653748,
        0.9901062250137329,
        0.9901020526885986,
        0.9900931715965271,
        0.990087628364563,
        0.9900736808776855,
        0.9900513887405396,
        0.9900240898132324,
        0.9899926781654358,
        0.9899545907974243,
        0.9899097084999084,
        0.9898460507392883,
        0.9897992610931396,
        0.9897487163543701,
        0.9896953701972961,
        0.989639937877655,
        0.9895833134651184,
        0.9895975589752197,
        0.9896196126937866,
        0.9896408915519714,
        0.9896615147590637,
        0.9896814227104187,
        0.9897007942199707,
        0.9897196292877197,
        0.9897381067276001,
        0.9897562265396118,
        0.9897741079330444,
        0.9897918701171875,
        0.9898096323013306,
        0.9898274540901184,
        0.9898455142974854,
        0.989863932132721,
        0.9898828268051147,
        0.9899023175239563,
        0.9899225234985352
    ],